LD1,LD2,career_level,title
-5.010239148838065,1.975104878901764,bereichsleiter,Vice President Region Americas & EMEA
-5.310408244140644,0.4219921536417887,bereichsleiter,Manager Chemical Engineering
-4.916212544456476,2.1258408484518876,bereichsleiter,Director Supply Chain Innovation - Order Management
-3.6843222233918764,2.3148782432046446,bereichsleiter,Chief Information Security Officer (CISO)
-5.041899341946163,1.145984338465824,bereichsleiter,Dir IT & Technology Audit
-5.29132888657959,3.4969960205923116,bereichsleiter,"Executive Director, Global Sourcing"
-6.8420087464584745,1.0792866318927785,bereichsleiter,"Regional Director, Business Development (Dallas, TX)"
-5.5584821743248645,1.0595293676383772,bereichsleiter,Director- Application Management Sub-Practice
-6.45164506907049,-1.4417739612765184,bereichsleiter,Department Manager Leader [VAC# 401]
-4.188726462990571,2.8948152012471704,bereichsleiter,Director Pricing Strategy
-6.551800734731651,2.31086516035167,bereichsleiter,"Sr. Director, Global Sales"
-5.2010231962632165,0.04287916297396894,bereichsleiter,Director of Construction Services
-3.61094271514159,0.5474512449640127,bereichsleiter,"Dir, Digital Product Marketing"
-6.9662164745644315,0.8045246636946658,bereichsleiter,Global Head of Strategic Services
-5.010356837811481,1.1500459915074293,bereichsleiter,"Vice President, New Business Acquisition (SGLA)"
-3.7535084930967733,2.349364641343933,bereichsleiter,Dir Bus Mgmt 2
-5.530028726997256,1.4305541319659403,bereichsleiter,"Manager, Audi Digital Platform Business Operations"
-6.981485494232071,2.557204298308151,bereichsleiter,Vice President - Sales
-6.206969828236771,1.6639799218534974,bereichsleiter,"Director, Sales Training & Development"
-3.9198166818243236,0.25738955018732207,bereichsleiter,Operational Excellence Director
-5.471165766641931,1.0959978256796694,bereichsleiter,"Credit & Collections Manager, Finance"
-6.378967831190786,-0.45263110708027293,bereichsleiter,Senior Legal Director for US
-4.577517779058894,1.3655393776877132,bereichsleiter,"Director, Pharmacy Practice"
-6.729580417524232,3.0289379002167225,bereichsleiter,"Associate Director, Quality Systems"
-4.396716666588695,1.8368801778305361,bereichsleiter,Chemical Sciences Division Director
-5.457483388156346,0.8101370911687381,bereichsleiter,"Director, Global Real Estate Services"
-3.7136296677383704,1.1903035224542804,bereichsleiter,Risk Control Director
-6.1122471542670045,2.3424041128878392,bereichsleiter,Director of Software Engineering
-3.656024705125311,-0.638526537319603,bereichsleiter,CNO - Wilson Medical Center
-4.723766340642005,0.5532163958768997,bereichsleiter,International Field Operations Auditor
-2.67284020943221,2.189207836997652,bereichsleiter,"Director, Emergency Management PMO"
-2.054493717756702,0.3883804430460066,bereichsleiter,Deputy Director Mtech Unit Leader
-5.842821994877316,2.0378229373894166,bereichsleiter,"Head of Finance, Americas"
-3.006020301866937,1.0929663418612694,bereichsleiter,Senior Manager - Financial Accounting Advisory Services
-0.3095759032481445,1.2748773685021924,bereichsleiter,Director of Manufacturing
-4.667457375923948,3.144982560224527,bereichsleiter,Accounting/Finance Director
-5.311947965382385,1.5309416636327684,bereichsleiter,"Vice President, Global Supply Chain Finance"
-5.73189966925957,1.1039755030275038,bereichsleiter,Director-BU Finance
-6.330328529947034,0.44604210857876453,bereichsleiter,"Controller, Workshop & Parts Delivery Network"
-5.779560750100738,1.2176653831328619,bereichsleiter,Director of Advisory Services
-4.2543797672991674,4.426682756322589,bereichsleiter,Director of Special Studies
-5.303727230195972,3.375995536947005,bereichsleiter,Station Manager
-6.597961864039203,0.5769882584439614,bereichsleiter,SVP/Media US
-6.614324594441088,1.8728212326073466,bereichsleiter,COMMANDER
-5.030581680002461,2.5557075960186557,bereichsleiter,DIRECTOR MEDICAL OPERATIONS
-6.292967806211256,1.669592695927407,bereichsleiter,Engineering Multi-Skill Manager M
-5.844514576828871,-1.381667263673133,bereichsleiter,Sr Analyst
-3.0616129813763395,2.3706080257217184,bereichsleiter,VP Finance
-6.7009676394795745,1.222226891398138,bereichsleiter,Regional Sales Manager Growth Markets
-3.011997077509627,2.991200620552493,bereichsleiter,Sr Director Financial Analysis
-4.581793409850717,0.1448536451453421,bereichsleiter,"Director, Human Resources Office, Kennedy Space Center"
-5.886761871687166,3.1288093146090197,bereichsleiter,Quality Director
-2.413847660977549,1.8622911356623553,bereichsleiter,Director Customer Experience
-4.603906314909501,2.2162256976370625,bereichsleiter,"Manager, Design to Value"
-2.6662910501500874,2.1981795637497488,bereichsleiter,VP of Professional Services
-5.2010231962632165,0.04287916297396894,bereichsleiter,Director of Construction Services
-5.036692828830487,0.7074849652501939,bereichsleiter,"Manager, Quality Control"
-4.20205741057803,1.1131604732208247,bereichsleiter,Human Resource Director (US Operations)
-7.008381133106568,0.002604568899148643,bereichsleiter,Resident District Manager- Business Services
-4.1129489873574565,2.5591475491823075,bereichsleiter,"Bendix King - Director, Software Engineering - Albuquerque, NM"
-5.178861866708814,2.556039963503907,bereichsleiter,"Director - Logistics/Fleet Operations - East Rutherford, NJ"
-4.033433090469291,1.902348147430616,bereichsleiter,SR. MANAGER REGULATORY AFFAIRS
-4.5092683005551,0.46341078398431407,bereichsleiter,"Regional Vice President of Sales, South Central"
-1.1343117346840825,2.5220959666258564,bereichsleiter,Customer Property Services Manager
-3.2804012224216343,1.8312894635351569,bereichsleiter,VP Technology Services & Strategy
-5.049116499362611,2.598986928273834,bereichsleiter,Sr. Director Software Development
-5.025321766502674,0.9101063600755664,bereichsleiter,"Sr. Manager, Regional Network"
-4.190700325138104,2.3175377708808766,bereichsleiter,"Vice President, Technology & Operations"
-4.357611345722074,1.6639903450827154,bereichsleiter,Production Manager - Machining
-5.712493291213841,1.5814306591431033,bereichsleiter,Senior Sales Director
-5.099335440613498,1.7907268574779502,bereichsleiter,Regional Sales Director
-3.4728885881305542,4.365290649284734,bereichsleiter,Chief Operating Officer - Jackson Purchase Medical Center
-4.803285421595442,3.6216511864836933,bereichsleiter,"General Manager, Sales Operations"
-3.367856133548998,2.4020185923226465,bereichsleiter,VP - Business Planning & Strategy (ABC Family)
-5.679215653667015,1.4470284662616488,bereichsleiter,"Global Director, Sales Excellence"
-4.294885286246075,2.737314852317001,bereichsleiter,Campus Executive Director
-5.384831329421681,2.5950421054171877,bereichsleiter,Product Line Director - Films
-5.096095349244749,1.911030315544212,bereichsleiter,"Sourcing Manager, Medical Supplies"
-4.7836493714308554,2.5160135604546907,bereichsleiter,"Senior Medical Director, Therapeutic Area Pharmacogenomics Liaison (Cardiovascular & Metabolic)"
-3.897155045822341,1.5180440094966294,bereichsleiter,Director of Contracts
-5.699502344620011,1.5330925229681536,bereichsleiter,"Director, Cloud Service Development"
-3.151317173325166,-0.27007405079853236,bereichsleiter,Director Marketing Services
-3.542751012557911,0.2834194466644721,bereichsleiter,Sr. Operations/ Finance Manager
-2.7573848959960574,0.7869482249711454,bereichsleiter,VP International Sales UVP
-3.726927442119834,1.4345755132414801,bereichsleiter,"Sr Director, Analysis and Planning"
-6.2815156445494384,1.7199936197776742,bereichsleiter,Senior Project Manager (Engagement Manager)
-6.163819073387904,1.620609809723329,bereichsleiter,"Director, Marketing and Communications- National Security"
-5.346051370451728,1.0364694923317201,bereichsleiter,"Senior Director, IT Security"
-5.284163355600794,2.005625275955057,bereichsleiter,"Director, Sales Operations"
-3.2041759032898485,3.1184862128851694,bereichsleiter,Director of Finance & Accounting (USA)
-4.2828390513841414,1.0096983485759865,bereichsleiter,Director End User Sales
-4.680415315568981,2.011950358014872,bereichsleiter,Director - Marine Operations
-3.791078801615541,0.8138656360058433,bereichsleiter,"Dir, CX Reporting and Analytics"
-5.860030275414819,3.0584824601178004,bereichsleiter,Director
0.49957153063996745,0.1251037670598035,bereichsleiter,"DIR, BUS STRAT & DEVELOP - FLORIDA REGION"
-6.665801775162177,2.3699085943963394,bereichsleiter,"Vice President, Sales Operations"
-3.3960250350257484,1.894075719313253,bereichsleiter,Vice President Innovation
-4.549424706173028,1.2533232243822412,bereichsleiter,Manager Quality Engineering
-5.167445429499946,1.6607530707500728,bereichsleiter,"Senior Manager, Insurance Sector"
-5.724780025693013,1.2264203977494839,bereichsleiter,"Associate Director, Sales and Revenue Planning"
-6.370829922605596,1.0302885284588255,bereichsleiter,Manager-Voice Services
-6.550722925721175,1.988145857302301,bereichsleiter,Sr. Program Manager
-4.129868734267605,1.1419795775947403,bereichsleiter,Senior Director of Operations
-5.890171900465309,0.16556151109477188,bereichsleiter,Sales Associate Director-Channel Sales USA
-2.8580789305104597,1.3674992429124808,bereichsleiter,"Director, R & D Operations"
-4.836649970357382,1.5400368729371745,bereichsleiter,"Sr. Director, Behavioral Science Leader"
-5.842302455237566,2.069324982046817,bereichsleiter,Human Resources Director- Boston Public School Bus
-2.8032212254944646,2.1041182199081225,bereichsleiter,"Vice President, Central Point of Contact (Bank of America Corporation Supervisory Team)"
-6.170727203952012,1.2438666354668022,bereichsleiter,"Vice-President, Regulatory Affairs"
-5.281457512621144,1.044125652924947,bereichsleiter,"Director, Marketing - Corporate Communications/Public Relations"
-4.8062486968950555,2.9050435136117323,bereichsleiter,"Director, Web Channel Products & Programs"
-4.414681098048874,2.2349952437560723,bereichsleiter,Director of Software Development
-5.214668320679788,0.6650197022381003,bereichsleiter,Account Manager - Financial Shared Service Center
-5.993620032068098,2.0127417018322085,bereichsleiter,"Senior Manager, Business Technology"
-1.5472700700108555,-0.48129706285685786,bereichsleiter,Global Pricing Director
-4.574498506002908,3.0190272981909834,bereichsleiter,Director of Supply Chain Job
-5.610302965748638,3.1715134739626203,bereichsleiter,SBU Client Operations Director (Geography)
-4.064248858247541,1.5287315335769027,bereichsleiter,"Director, IT Operations"
-5.0070836602300215,2.3106985944137284,bereichsleiter,"Manager III, Advanced Transaction and Consumption Analytics"
-6.468996865551504,2.715636576305804,bereichsleiter,Corp. VP IT Infrastructure
-6.360427775608542,2.9460906231317345,bereichsleiter,Executive/Senior Director of Epidemiology
-7.267752695030545,0.985287075986187,bereichsleiter,"Director, Forest Management Sciences"
-2.579232069154737,1.8564613050575054,bereichsleiter,Breeding Leader for North Central Region- Seeds and Traits R&D
-7.32054481161321,0.6649642439366262,bereichsleiter,Product Quality Director
-5.882858132205534,4.613295028804511,bereichsleiter,"Director, Enterprise Architecture"
-6.776343990157749,3.297178475865226,bereichsleiter,Executive Director - Sprint
-5.611695388846816,0.8663361373890786,bereichsleiter,Marketing Director
-3.4766111999688354,0.28569000784959825,bereichsleiter,Dir-Workload Planning Install
-2.5445958679970535,0.4235922591718663,bereichsleiter,"Corporate Director, Market Strategy & Support"
-3.8375277522351605,0.5866996515343323,bereichsleiter,Audit Senior Manager
-3.8757557783946615,3.1220657934835683,bereichsleiter,"BK Director, Systems Engineering - Albuquerque, NM"
-2.648619953415826,2.0965977933744715,bereichsleiter,Senior Interactive Development Manager
-3.994600587551898,1.371059745193108,bereichsleiter,Regional Director
-4.745355105593047,1.378913686132957,bereichsleiter,Head of Retail Marketing/VM - adidas
-3.9885681473827006,2.4102154482552054,bereichsleiter,Customer Director - Japanese OEM Transplants
-5.151513564074731,2.915178520276642,bereichsleiter,"Sr. Manager, IT Business Partner â€“ Capabilities"
-6.563642236913206,0.31282200041351965,bereichsleiter,Strategic Global Account Manager-Chandler
-5.772087783899252,-0.5603534942489021,bereichsleiter,"Controller, Execution Centres & Field Service Network"
-4.785060949895496,-0.03995142884533431,bereichsleiter,Mechanical Fabrication Department Head
-7.065818644512648,2.8011593145398335,bereichsleiter,Regional Services Manager
-3.690147366357826,2.469175643486834,bereichsleiter,Director of Human Resources
-6.269591942114558,1.0729327684824383,bereichsleiter,Vice President Global Taxation and Insurance
-6.532546494567218,2.357419673495454,bereichsleiter,"Sr. Director, Mobile Strategic Development (MBU)"
-4.298196987262991,2.9465335602895824,bereichsleiter,Director of Engineering
-5.089899295973044,1.8906375725813933,bereichsleiter,Program Director
-3.270051020585247,-0.7796822566822701,bereichsleiter,Director Operations (m/w)
-3.5708705438006323,1.2705704970626424,bereichsleiter,Head of Materials Management
-4.085255744672341,0.7644265208330008,bereichsleiter,"Senior Director, Communications & Public Relations"
-4.532406381325265,2.9996342084987493,bereichsleiter,VICE PRESIDENT CNE
-4.223107310331151,-0.41609240657472585,bereichsleiter,"Manager, Business Analyst"
-5.3198247583829525,2.0679732112086433,bereichsleiter,Executive Producer - eMagine
-5.576426183125616,1.505456045050214,bereichsleiter,"Head of Oncology, Global Clinical Regulatory Strategy"
-3.817765184155541,2.9157674974724923,bereichsleiter,Director of System Architecture
-2.579666420029212,4.5527101890302815,bereichsleiter,"Director, Product Mgmt"
-5.178367675057261,0.7549726263210843,bereichsleiter,Director Contracts
-4.641012572510062,0.632644182769708,bereichsleiter,Security Architect Senior Manager
-6.1094624254068695,2.660378560973327,bereichsleiter,Operations Manager I
-4.121552044239552,1.9000044961286129,bereichsleiter,"Midwest Area Sales Director, NetIQ, Houston"
-5.555208106406715,1.2220845789429289,bereichsleiter,Director of Product Engineering - Tunable and Pluggable Modules
-4.504908880128863,1.9056515459781642,bereichsleiter,Data Center Lead - TS/SCI (IC DTE)
-2.4947725715870885,4.149614723955491,bereichsleiter,"Vice President, Chief Information Officer (CIO)"
-4.451576410598662,2.5122706235640897,bereichsleiter,Director of Software Engineering
-5.735389628776009,2.6496966360338057,bereichsleiter,SVP - Marketing
-4.219110360384991,2.9873266315282856,bereichsleiter,Corporate Sales Director
-6.913753324681035,1.8955925538009102,bereichsleiter,General Manager
-4.2210408047926204,2.7965896090566678,bereichsleiter,Campus Executive Director
-4.075873791572114,0.9635161188163947,bereichsleiter,Proposal Manager
-3.4474757934039824,1.2478265542289741,bereichsleiter,Director Document Control and Technical Publications
-5.582004434932445,2.082704481911567,bereichsleiter,"Executive Medical Director / Group Medical Director, Immunology & Respiratory"
-5.19094829674875,1.4507266173411877,bereichsleiter,"Manager, Records Governance"
-6.1089701403051135,1.909339689905301,bereichsleiter,"Vice President, Sales & Marketing (Bb Transact)"
-4.531155234550837,2.410268429630473,bereichsleiter,Head of Network Engineering
-4.191819175810101,2.5359085739362226,bereichsleiter,"Associate Director, Sourcing & Procurement"
-5.008854506878852,4.331464679482629,bereichsleiter,WCS Manager of Projects
-2.774058814907665,1.5217419559095855,bereichsleiter,Advisory Services Senior Manager - Financial Services Office - Performance Improvement - Customer -
-6.1577756502049406,0.6391288348288786,bereichsleiter,Senior Electrical Engineer
-5.5259984715837485,2.3767872299837216,bereichsleiter,National Sales Director
-4.968756969734575,0.4621067574430647,bereichsleiter,Project Manager
-4.40151239581113,1.891483517360789,bereichsleiter,Product Line Manager
-5.818311487312427,1.945373230833593,bereichsleiter,"Director Marketing, Aftermarket"
-5.461949145654123,2.281127784154423,bereichsleiter,Property Tax Director
-0.19594864239170712,3.063618463604038,bereichsleiter,Vice President of Sales - Northeast Region
-5.997393254354809,1.4061078773816866,bereichsleiter,"GROUP DIRECTOR, US SITE MANAGEMENT"
-7.104955620084798,0.8150960065304192,bereichsleiter,Director - Quality Assurance
-5.936182876753694,1.5533107589819226,bereichsleiter,VP Global Marketing & Communications
-2.0808280730273125,0.3655377921329526,bereichsleiter,"VP, Product Management"
-4.037192184476982,0.4294634803784703,bereichsleiter,HR Business Partner (Site Lead)
-4.86180626672189,3.0746793095307696,bereichsleiter,Sr Strategic Sourcing Mgr
-4.387136162536671,2.920017386162139,bereichsleiter,Director Client Response Center
-6.4949551846215865,2.349508937945061,bereichsleiter,"General Manager, ICAC"
-4.771561263382566,1.960076912800101,bereichsleiter,"Senior Director CMC, Regulatory Affairs"
-3.4498029281811595,3.4538864632354023,bereichsleiter,Director - Strategy & Global Platforms
-2.4136832069903407,3.641031349412409,bereichsleiter,Program Executive - USA
-3.724834336563374,2.5646084663046276,bereichsleiter,"VP, Marketing-Global"
-3.4280488681220236,-0.2515541707442035,bereichsleiter,Strategic Account Manager
-3.3196715986348457,3.4189174835939298,bereichsleiter,Platform Director
-3.1109222745737757,1.7347538978963426,bereichsleiter,"Vice President, Account Based Money Transfer Services"
-6.460920269426571,-0.3358032097664698,bereichsleiter,"VP, Securities (Class Actions)"
-4.793965579846715,2.0309106955969147,bereichsleiter,Director of Human Resources
-3.357554380360905,3.4184189066983968,bereichsleiter,Director Human Resources
-4.1417821335779825,3.313779023368397,director_business_unit_leader,Vice President and Chief Compliance Officer
-3.5219805009610416,3.4276417622650612,director_business_unit_leader,CEO - Health Plan
-6.1847734291037275,2.4673816600897562,director_business_unit_leader,Chief Nurse Executive
-4.54608257490578,3.628287049704546,director_business_unit_leader,Division Vice President - US Health
-3.5571431673124696,2.4150609266805545,director_business_unit_leader,Chief Data Officer
-4.238641028282435,3.3563030495436172,director_business_unit_leader,Partner 2
-3.8957871173102117,3.935230375029906,director_business_unit_leader,Business Unit Manager
-3.913795978394335,3.723337944467735,director_business_unit_leader,"Chief Financial Officer- Northwest Medical Center Bentonville (Bentonville, AR)"
-6.3381002539530815,4.662897115529912,director_business_unit_leader,Chief Executive Officer
-2.5514229295536106,4.486671340320565,director_business_unit_leader,Business Unit Manager
-4.635718351521708,3.3155260927240935,director_business_unit_leader,Software Business Unit Director
-4.921239523148145,2.654646690096378,director_business_unit_leader,VP Global Engineering / Chief Technical Officer
-5.3694138946554615,4.130212374872613,director_business_unit_leader,"Chief Financial Officer - Byrd Regional Hospital (Leesville, LA)"
-6.230919021567672,3.2936678424550805,director_business_unit_leader,Chief Financial Officer
-3.306012667986722,3.8849054894497046,director_business_unit_leader,CEO Poplar Springs Hospital
-4.413385374852377,4.026250663900123,director_business_unit_leader,BUSINESS UNIT MANAGER
-4.772503995297122,3.8311410676152216,director_business_unit_leader,"Chief Nursing Officer- MetroSouth Medical Center (Blue Island, IL)"
-4.197207951631021,4.032658103328718,director_business_unit_leader,Operations Manager
-5.104343779357376,2.9553704438386417,director_business_unit_leader,Global Vice-President of Communications
-6.196252602195493,4.138834885767636,director_business_unit_leader,"Chief Nursing Officer - Yakima Regional Medical & Cardiac Center (Yakima, WA)"
-4.600710976295158,0.6746486072993546,director_business_unit_leader,Contract Manager
-1.0070601939534505,4.198924660152805,director_business_unit_leader,"Chief Operating Officer - Sebastian River Medical Center (Sebastian, FL)"
1.529453373534566,2.495472734127862,director_business_unit_leader,"COO (Chief Operating Officer) East Georgia Med Ctr (Statesboro, GA)"
-3.9577857157022818,3.874448579511764,director_business_unit_leader,"Chief Financial Officer - Forest City Medical Center (Forest City, AR)"
-5.706064700393374,0.739141182934828,director_business_unit_leader,"Director, ALM Life Modeling Team Leader"
-3.8509534205215536,3.508615619688096,director_business_unit_leader,Chief Technology Officer
-3.4441619493763094,3.8230656230130484,director_business_unit_leader,Executive Director-ACLU of San Diego & Imperial Counties
-2.5765889016701244,4.082345291862952,director_business_unit_leader,General Manager
-3.120473095660415,4.691902737281617,director_business_unit_leader,"Chief Executive Officer - Bennettsville, SC-1322025"
-0.4047080901073285,4.051435384767736,director_business_unit_leader,Chief Executive Officer
-3.8770660204851897,3.852458385531041,director_business_unit_leader,Vice President- Latin America
-5.882158274535552,3.769345056829669,director_business_unit_leader,General Manager North America
-5.373814856364767,1.6598764987701644,director_business_unit_leader,CNO StoneCrest Medical Center-Smyrna
-4.861190403631333,2.9689006838937813,director_business_unit_leader,Vice PrÃ©sident Business Unit Dispensing
-4.229167062231052,3.637441717054534,director_business_unit_leader,General Manager
-4.939380455820724,3.060807641626491,director_business_unit_leader,COO- Manatee Memorial Hospital
-4.957121866309979,4.154258594127517,director_business_unit_leader,BUSINESS UNIT MANAGER (0501099 / PS 050012)
-5.260131682935693,4.527472721743951,director_business_unit_leader,Chief Operating Officer
-4.759994151914455,2.8551158209041043,director_business_unit_leader,Business Unit Global SIOP Leader
-4.648042283966729,3.3315895969098617,director_business_unit_leader,Plant Manager / CT9061
-2.5151760979844884,4.380219124859773,director_business_unit_leader,Global Director Transformations & Transitions - GWS
-4.201451118624853,3.91392298175993,director_business_unit_leader,Chief Information Officer
-5.482075735233935,4.425457465067225,director_business_unit_leader,"Chief Financial Officer - Alta Vista Regional Hospital (Las Vegas, NM)"
-4.566353235841485,3.001425254633556,director_business_unit_leader,Litigation & Fraud Investigation Managing Director
-3.1894335655333843,4.125047363907411,director_business_unit_leader,COO - McAllen Medical Center
-3.855386692522166,3.247231737878857,director_business_unit_leader,Chief Financial Officer
-4.891124899800503,3.7244368512249646,director_business_unit_leader,DIRECTOR OF 3PL OPERATIONS
2.398007186915229,4.028691918340388,director_business_unit_leader,President of PEXCO
-4.782907743422327,4.356730423455233,director_business_unit_leader,Line of Business Director
-4.099704182189192,2.854373636493216,director_business_unit_leader,"VP & General Manager, Infotainment Aftermarket Services"
-4.6626455907707935,3.2135284995918045,director_business_unit_leader,"Chief Financial Officer, US Life"
-4.337653325577523,4.19078314662792,director_business_unit_leader,General Manager- Switchgear & Outdoor Products
-4.684137619778942,4.107490038800369,director_business_unit_leader,CFO OU Medical Center
-3.973181272202919,4.149554711357898,director_business_unit_leader,President
-4.628619434075839,3.3957300689086014,director_business_unit_leader,"Managing Director, Products and Markets"
-4.370524991242543,3.6493489913651516,director_business_unit_leader,Chief Sales and Marketing Officer - Chamilia
-5.328492513972708,2.149638426623084,director_business_unit_leader,"Sr. VP Finance, CFO Americas Hub"
-4.464541269151286,3.434835429490221,director_business_unit_leader,"Vice President, Account Management (Vice President, European Markets Channel Management)"
-4.512532891119857,4.546664969113354,director_business_unit_leader,Regional Vice President of Marketing
-4.27449265524057,2.197796577248432,director_business_unit_leader,"Vice President, Clinical Operations - Las Vegas, NV"
-5.441669066473026,3.238226614973066,director_business_unit_leader,President â€“ North America
-4.111721228088796,3.591550968625026,director_business_unit_leader,Business Unit Director
-5.372966191977528,3.5697226214693782,director_business_unit_leader,COO Rapides Regional Medical Center
-4.6110592362733644,4.1392846181868235,director_business_unit_leader,"Vice President, Marketing & Strategy"
-5.098378728333306,3.1300539770574787,director_business_unit_leader,Business Unit Leader / Automated Drug Management Systems
-3.6214352680195994,3.61162633504074,director_business_unit_leader,Senior Vice President of Field Operations - Colorado and New Mexico
-3.550522793531259,3.0081405111026145,director_business_unit_leader,Chief Technology Officer (CTO)
-4.186418009330322,1.7814758049589867,director_business_unit_leader,Senior Hydraulic Test Engineer for Applied Mechanics Job
-4.258315772495908,3.952877243415944,director_business_unit_leader,"Market Chief Financial Officer - Physicians Regional Healthcare System - Pine Ridge (Naples, FL)"
-0.8988807145414628,0.9049105985413433,director_business_unit_leader,"Country Manager, U.S. for Hem"
-6.01044635052303,1.7723233895043071,manager_team_leader,Medicare Manager Sales & Marketing
-4.16599991857711,1.7080974152356767,manager_team_leader,Software Development Manager
-5.431858307958179,0.032671044725085835,manager_team_leader,Client Partner
-5.21284572460742,1.5596512762029144,manager_team_leader,Digital Sales Manager
-5.327528585147068,3.589304662851756,manager_team_leader,General Manager
-4.759542476187868,2.2494253719946298,manager_team_leader,Program Director
-5.097314705182087,0.8611346301760326,manager_team_leader,IT Manager - Storage Technology Team
-3.216339366993705,1.0765693799432012,manager_team_leader,"Director, Public Relations"
-4.539577611838759,5.501404480404363,manager_team_leader,"Officer/Assistant Vice President â€“ Treasury Services, IPP"
-6.67758276219799,-0.10138841630953326,manager_team_leader,IT Manager
-5.804089003371249,2.3170882690786043,manager_team_leader,Group Leader- Control Systems
-4.628996636922101,0.7709891397420199,manager_team_leader,"Associate Director, Global Compliance"
-5.294674935063391,0.8875578425785101,manager_team_leader,"Regional Sales Manager, Home & human_resources Care"
-6.975995409135731,4.633519311274402,manager_team_leader,"business systems manager, Oracle MDM â€“ Seattle, WA"
-3.3951840459815843,-0.2411203641070348,manager_team_leader,Sr Procedure Manager (Downstream Marketing)
-4.657982909448237,1.9639412750555674,manager_team_leader,Project Manager - Sr. Level (Process Plants)
-6.206751590999068,1.1612787301542855,manager_team_leader,"Sr Manager, Marketing-Princess & Fairies"
-5.875135171229655,1.2723068366748154,manager_team_leader,DISTRICT SALES MANAGER O2M
-2.9878076986421696,2.5397914408794864,manager_team_leader,HR Director
-5.437445959685083,1.802016328478828,manager_team_leader,Locomotive General Foreman
-6.402444820772759,0.1146723875809916,manager_team_leader,Learning Account Manager
-4.795221812359233,1.2115889318655122,manager_team_leader,"SVP, Head of Product Marketing"
-6.124723336573675,1.028021652176076,manager_team_leader,Software Engineering Manager - Document Acquisition
-4.84265647880273,2.7109558525855064,manager_team_leader,"Director, Las Vegas IT Compliance"
-4.076194540369443,3.746760617984029,manager_team_leader,Senior Manager-Quality Assurance
-5.88315644213497,2.7075514991839262,manager_team_leader,GEO Marketing Leader North America
-6.61231314078669,-0.8511702620846271,manager_team_leader,Growth Consulting Implementation Leader - NA
-4.459815863403581,1.4306052906157138,manager_team_leader,"General Manager, DISH Latino"
-5.4745764700549655,1.86482710538072,manager_team_leader,"Sr. Director, Compound Development Team Leader"
-6.3399547047839935,2.190245578168896,manager_team_leader,Website QA Lead
-6.791438541893886,1.6210608749481863,manager_team_leader,Turnkey and Infrastructure Business Development and Sales Director
-6.129615491824433,1.7636692106499336,manager_team_leader,"Director, Finance (Asset Management)"
-6.012157392697822,2.8660280103462785,manager_team_leader,Senior Director Service Provider Mobility
-5.117362661311014,1.0609214679201693,manager_team_leader,Development Manager
-1.8789021622618989,0.9719488584035224,manager_team_leader,Executive Director-ACLU of Nevada
-4.455036781414251,0.752316512193634,manager_team_leader,Enterprise Solutions Commercial Operations Leader
-3.4697207709663096,1.7515512408553924,manager_team_leader,"Director, Textron Systems Colombia Operations"
-5.143650102391273,1.0976441269363257,manager_team_leader,"Senior Finance Manager, Supply Chain"
-4.072161459242412,0.7443666585715306,manager_team_leader,"Creative Manager, Direct Mail (Babies""R""Us)"
-6.441233092579102,1.0705030537179827,manager_team_leader,Vignette Technical Lead
-5.65716959740054,2.8684567218000963,manager_team_leader,Director of Professional Education
-6.139216320769551,2.6758373351231706,manager_team_leader,Manager Telephony Systems Support
-8.187400530265547,3.2081433036897207,manager_team_leader,"Director, Survery Programming"
-3.8902880652863083,3.2096299263990367,manager_team_leader,"Director, Talent Acquisition"
-5.757642065426708,1.6775334418549384,manager_team_leader,"Regional Sales Director, Southwest (Los Angeles)"
-4.423079570691671,2.292243249520877,manager_team_leader,"Dir, Actuarial"
-4.907736674732164,2.6192553362917517,manager_team_leader,Sage Mid-Market ERP Director of Sales Strategy
-4.5800366804260815,-0.6665031944980303,manager_team_leader,Commercial In Life Regional Team Leader
-5.626423028941501,1.9367592271946346,manager_team_leader,General Sales Manager
-3.543701603828542,1.2059800837854324,manager_team_leader,Field Manager - PPU
-4.942855325571355,0.748221851988602,manager_team_leader,Principal-Strategy Consulting
-5.193946721764159,2.6372135497259714,manager_team_leader,"Director, Pricing"
-2.316853244642907,3.1204729618162936,manager_team_leader,BUYER
-4.7593612756853405,-0.11447821442377223,manager_team_leader,Business Manager - Ashland Specialty Ingredients
-6.112305033869246,1.3497740201996342,manager_team_leader,Senior IT Manager Web Interactive
-5.167610819985177,3.332819258750673,manager_team_leader,"Manager, Campaign Analytics"
-3.287631856927326,1.5153958763247095,manager_team_leader,"Senior Manager, O & M Operations"
-3.232032311453098,3.438790702201687,manager_team_leader,"Regional Vice President, Enterprise Sales"
-6.282753141429555,3.0780753957722475,manager_team_leader,"DEPARTMENT MANAGER, MEN'S- RALPH LAUREN KING OF PRUSSIA"
-5.213990403784219,3.2382809515626225,manager_team_leader,Gear Product Development Manager
-3.954197578253404,1.7453306521648808,manager_team_leader,"Director, Financial Reporting and Analysis"
-5.442654299938296,2.38838563890916,manager_team_leader,Design Director
-5.32528925627165,0.35137311713555547,manager_team_leader,Target Account Director
-5.529069429876287,3.2794833176248286,manager_team_leader,"Supervisor, Software Configuration"
-5.744547994451601,1.1748239347501883,manager_team_leader,Global Core Audio Technologies Supervisor
-5.25033454953572,3.269930872268287,manager_team_leader,"Director of YouTube Content Operations, Americas"
-5.6679341310646905,1.8260504339331536,manager_team_leader,Global Business Unit Manager - Consumer Health Care
-4.215277194774468,2.6698470028766397,manager_team_leader,Sales Operations Manager
-2.7177658779203533,-0.599319921513138,manager_team_leader,"Manager, RTU Engineering"
-4.005610997417407,1.679813910698226,manager_team_leader,IT Infrastructure Transition Lead
-4.1349561619650865,3.069291309378487,manager_team_leader,Director of Risk Advisory Services Job
-4.339972988806968,2.1587761790419093,manager_team_leader,Program Manager - Technology
-4.610870962395582,0.45132573315528873,manager_team_leader,Head of Central Functions
-1.9884817125489167,1.3916058446046105,manager_team_leader,Sr. Principal Advisor / Engineer - Systems Group Manager
-5.043992920418649,0.6676854285106971,manager_team_leader,Business Development Manager 1
-3.8151142803509717,1.6899200871991202,manager_team_leader,Systems Engineer Manager
-3.590471990974786,-0.17622476301394496,manager_team_leader,Associate General Counsel
-3.514035562247183,1.0019924096435895,manager_team_leader,"Manager, Direct Sales Management - Respiratory Diagnostics"
-4.739399400703595,2.942971469561443,manager_team_leader,Vice President - Sales
-4.711172590170013,1.400722488458291,manager_team_leader,Head of Marketing & Sales Support
-4.23740154778866,-0.03766824435023816,manager_team_leader,Senior Relationship Manager
-6.123315452795436,-0.7414892892007595,manager_team_leader,"Director, Marketing"
-4.451653715067318,2.466865817572979,manager_team_leader,"Senior Manager, Program Managment - DMG"
-3.897915335126991,2.949223369002086,manager_team_leader,"Manager, Application Support and Client Training"
-3.1644569926713033,1.6591004236400502,manager_team_leader,District Sales Manager
-4.232457555131237,2.8917982442824375,manager_team_leader,"Manager, Software Services"
-5.077894029561747,1.3725319758272727,manager_team_leader,Regional Sales Manager / Fire & Security Sytems
-4.686461066452314,0.3570909165192602,manager_team_leader,Professional Services Conultant - Reston
-1.2819116723170845,0.4819526829230961,manager_team_leader,Head of Data Analytics
-4.8753873787955655,2.12296762497036,manager_team_leader,Director of Accounting
-3.959414189332387,1.393714188880217,manager_team_leader,Regional Retail Sales Manager - Heavy Construction Equipment
-5.43925904569333,0.0752132032682217,manager_team_leader,Program Manager
-2.899209152177187,1.2070586861073642,manager_team_leader,"Director, Product Development"
-5.087455956885733,1.7095821560544715,manager_team_leader,Laboratory Manager - Savannah
-6.193706063753318,1.9167414351331313,manager_team_leader,Director Channels
-5.431858307958179,0.032671044725085835,manager_team_leader,Client Partner
-6.188564184454478,1.438290998522846,manager_team_leader,General Manager
-5.306243660399648,0.2908304728696269,manager_team_leader,DISTRICT SALES MANAGER
-4.163408142581605,1.384158602329434,manager_team_leader,Enterprise Business Sales Manager - PA Market
-2.6350616824142046,1.5967292495818266,manager_team_leader,Facilities Manager
-6.916276685080775,3.574632689881646,manager_team_leader,Senior Underwriting Manager - Energy - Schinnerer
-6.3257882333493605,1.1218896331760877,manager_team_leader,Director of Sales
-5.264095829015033,2.0236390353797273,manager_team_leader,Trading and Risk Control
-4.240941052508913,0.9963274257153735,manager_team_leader,Regional Financial Instant Issuance Sales Manager â€“ CO or MN
-3.7416266695387335,0.8140444863275084,manager_team_leader,Local Sales Manager
-4.425055712998504,0.5021231181295747,manager_team_leader,Lead Systems Engineer - Wireless Charging
-4.509527040080463,-0.3229020777651235,manager_team_leader,Sales and Marketing Manager
-5.318299765328298,-2.069463958202985,manager_team_leader,"Manager / Sr. Manager, Corporate Finance"
-3.3317560515508333,-1.809137009339558,manager_team_leader,Senior Technical Sales Manager
-2.2928776900124173,0.35904743633551345,manager_team_leader,"Sr. Manager, Recruiting"
-6.8766709122107,1.308412379110631,manager_team_leader,"Ad, Shopper Insights & Solutions"
-6.125789586699757,2.4770917106801313,manager_team_leader,Mgr Field Engineering Svcs 3
-4.885774624668483,-0.059936191052109615,manager_team_leader,Account Director
-7.148389837579971,0.8484452313344708,manager_team_leader,Chartis F&A IT Systems Production support Lead
-5.013212431439973,-0.5793004480594711,manager_team_leader,"ASSISTANT MANAGER, POLO FACTORY STORES- NORTH AMERICA, LAS VEGAS"
-4.766466471633456,-0.01974864837997756,manager_team_leader,"Sr. Manager, Aviation Training Solutions"
-4.522408738614762,1.522807937834468,manager_team_leader,Head of Marketing & Sales Support
-4.331838216110726,2.3472136869265916,manager_team_leader,"Vice President, Client Services (West Coast)"
-5.087543524460896,2.164511893316547,manager_team_leader,DIRECTOR QUALITY
-4.13970583159639,1.3601091636833154,manager_team_leader,"Director, Clinical Site Contracts"
-4.334647514124882,0.2096422530439175,manager_team_leader,Electronic Product Development Engineer
-5.912246460192374,2.8400288507744706,manager_team_leader,Manager Mechanical Engineering
-5.744000404983908,0.7571626985154516,manager_team_leader,"Manager, Digital Media"
-4.502117717799118,-0.9340071230644743,manager_team_leader,Quality Engineering Manager
-4.974161430313971,0.459082136718779,manager_team_leader,Senior Director of Marketing
-5.761598510440321,-0.2007469627071251,manager_team_leader,"Associate Director, Biostatistics"
-7.470692563104801,2.131105850125482,manager_team_leader,Section Head (C3 Interoperability Standardization)
-5.703703079615431,2.068934838082777,manager_team_leader,Technical Director
-6.332824325131312,0.19516244377661576,manager_team_leader,Engineering Director (Advanced Development)
-6.607616725308657,0.6253605342024308,manager_team_leader,"Regional Marketing Manager - Household Care, North America"
-3.7379841788493167,1.5375469490672926,manager_team_leader,General Manager
-5.473605521289678,0.9275802308274582,manager_team_leader,Manager Performance planning_controlling & Financial Analysis
-4.80551717568262,2.073511058690619,manager_team_leader,Senior Survey Manager
-3.330646792365046,-0.9274875905793077,manager_team_leader,Client Relationship-Delivery Manager I
-6.651207946404243,0.8330623097212316,manager_team_leader,Technical Services Manager
-5.062763826273568,0.8749290695744741,manager_team_leader,"Head of LSB, Sales, Northeast"
-5.468264636538906,0.7011894796646921,manager_team_leader,Sales Director - IMUSA
-4.988556568754291,0.93027886069915,manager_team_leader,Senior Manager Inside Sales
-3.0531603036909507,4.569748762764657,manager_team_leader,"Vice President, Flights Platform Delivery"
-2.4242242208748808,1.1153627922815907,manager_team_leader,"Director, Statistical Programming"
-4.620910159016573,1.450188721307057,manager_team_leader,Sr. Lab Manager
-5.38701978378602,3.300203837585432,manager_team_leader,Project Controls Manager
-4.90805067074621,2.3830844089363783,manager_team_leader,Clinic Manager
-4.995647904180321,1.2127672946137482,manager_team_leader,Finalta (Financial Services) - Associate Director - North America - Miami
-5.618306384481264,1.0059175143004968,manager_team_leader,Manager - Inv Cntrl/ Materials
-5.645453708576087,1.068788726229145,manager_team_leader,"Director, Strategic Sourcing"
-4.106556016971138,4.390727746603513,manager_team_leader,"Regional Director Medical Affairs, Diabetes Portfolio (Western Region)"
-6.120124316576298,0.47367098124956014,manager_team_leader,"Director, RDIT Strategic Planning & Operations"
-0.619357195785086,-2.100072241718003,manager_team_leader,Manager â€“ Technical Services Field Support
-4.940673646256921,-1.183191639789681,manager_team_leader,"Director, Emergency Preparedness and Disaster Relief (PED)"
-3.2193346697774348,2.9106547145047577,manager_team_leader,"Regional Head Of Control Room Americas, Compliance"
-6.222782701657373,1.3968937310771325,manager_team_leader,Infrastructure Services Group Lead
-7.837742041462536,1.9991287037234056,manager_team_leader,Transit - General Manager - (Proposed Business)
-3.6097832452409717,1.032563507949375,manager_team_leader,Energy Efficiency Marketing Communications Manager
-5.122502398448313,-1.1484078532593245,manager_team_leader,"Dir, Political Ad Sales"
-3.4717134713308826,2.165230098521721,manager_team_leader,"Senior Manager, Financial Planning and Analysis"
-3.3851880169750697,0.4608468429181028,manager_team_leader,Director Training and Simulation
-5.327409973177793,2.2420567542937757,manager_team_leader,Store Manager
-5.509365691450852,3.576857210248376,manager_team_leader,The Professional Services Manager
-4.10363992475749,0.6497592484127361,manager_team_leader,Supplier Quality Manager
-4.803944616170969,2.0913864573662218,manager_team_leader,"Global Head of Business Analytics, human_resources Accident"
-5.106357290980152,3.2447006281464525,manager_team_leader,Vice President Insurance Marketing Retail Life\Disability and Annuity Products
-6.2707997791290015,0.9480221804568801,manager_team_leader,Senior Clinical Operations Manager
-2.4817478696689106,0.1948073402515805,manager_team_leader,Sr. Marketing Leader
-5.322734681350048,0.4690106427609853,manager_team_leader,Director Corporate Tax
-6.057689826799773,3.3409749526591304,manager_team_leader,"Sales Director, Target"
-6.049068715079562,2.2103610109657876,manager_team_leader,Regional Sales Manager- Engineered Solutions
-4.643411995153237,1.2171770118220508,manager_team_leader,Financial Operations Specialist
-5.200686472719882,1.2902177359317337,manager_team_leader,"Senior Environmental Manager - Planning, Permitting, Licensing Los Angeles"
-2.3127269787790747,2.5898724323348503,manager_team_leader,"Manager, Recruiting Operations"
-4.984860982935133,1.2069811698795752,manager_team_leader,Architecture IT Tech Lead
-6.02932343306534,1.2431304443708353,manager_team_leader,Process Plants Group Leader
-4.501630360975474,-0.2962983322690922,manager_team_leader,"Sr. Market Manager, (Gynecology)"
-4.097480471152584,2.8582282171818574,manager_team_leader,Accounting Manager
-5.857543584666261,2.1675895154332316,manager_team_leader,Director of Software Development
-3.9733019636195666,2.5857680335564197,manager_team_leader,Market Trust Director
-5.870160864257767,2.41490951865138,manager_team_leader,Director of OICG & Systems Mfg Finance
-4.000984340780756,1.3014447095188035,manager_team_leader,"Manager, Software Test (Digital Pathology)"
-4.1253946934211205,3.435184682651081,manager_team_leader,Manager of Inside Sales
-4.24949388860629,-0.9935084282235406,manager_team_leader,"Director, Programming Finance"
-4.975669220583102,1.5096791535950784,manager_team_leader,Director of Product Marketing
-3.650424367530988,-0.035516854059762876,manager_team_leader,Senior Director of Business Development / Southern California
-6.882236591810188,0.7268503126898243,manager_team_leader,Software Engineering Manager
-4.548114645956899,-0.6006128317487706,manager_team_leader,Manager Sales
-5.2622265390133665,-0.8387825452225799,manager_team_leader,Accounting Manager / Controller
-5.313977488390684,-0.6622763883014874,manager_team_leader,Finance Manager I
-3.7915192500832617,1.4613527138424138,manager_team_leader,Complex Service Manager
-5.709535378599599,1.791598751955895,manager_team_leader,Sales Manager- Communications
-6.129548816855295,0.9414237738902894,manager_team_leader,"Director - Custom Research, Comperemedia"
-3.8523614329278555,1.1745005826916382,manager_team_leader,Test Engineering Manager
-3.2689650775098853,-0.7718642773445085,manager_team_leader,Full Line District Sales Manager - (San Antonio)
-4.614362548344316,2.5307638074789875,manager_team_leader,Solutions Manager
-3.246667042713182,-0.5490322858443071,manager_team_leader,International Trade Manager
-3.988887523847243,1.8049095289354158,manager_team_leader,Senior Manager Global Social Media & Editorial
-5.746580335577521,0.7895523740967825,manager_team_leader,Controller - Real Estate Asset Management
-4.063749016066911,-3.4330239459369625,manager_team_leader,Tax Analyst
-7.537384537160271,-1.2016794890513856,manager_team_leader,DEPUTY ASSISTANT ADMINISTRATOR
-7.095874390827194,2.5261227719894035,manager_team_leader,"Director, Revenue Assurance Manager, Revenue Assurance"
-6.246753086036511,3.319415913917002,manager_team_leader,Head Animal Resources
-3.8035941347372693,1.3384822473973859,manager_team_leader,Senior Manager - IT Development (CRS) (USA)
23.889865656573555,-0.1525461829338738,managing_director_small_medium_company,"Chief Executive Officer - River Region Health System (Vicksburg, MS)"
-0.9800936892559948,2.168780802103297,managing_director_small_medium_company,CEO - Valley View Medical Center
23.95723136705969,-0.13338434917391928,managing_director_small_medium_company,"General Manager, Productopia"
23.871969210227608,-0.13181050495822022,managing_director_small_medium_company,"CEO, Inland Valley"
-4.471734476702019,-1.033669428053705,senior_specialist_or_project_manager,Senior Account Director - Interactive / Digital Marketing
-6.5323395643660795,-0.04368123933367238,senior_specialist_or_project_manager,Strategic Sales Account Manager
-3.140635084582096,-1.3179563205118456,senior_specialist_or_project_manager,Sales Engineer
-5.153244381659663,1.1929053320772651,senior_specialist_or_project_manager,Specialty Sales Representative
-3.512570840547092,0.1304380028353946,senior_specialist_or_project_manager,National Accounts Manager
-6.098710521726897,1.043143290426895,senior_specialist_or_project_manager,Sr. Technical Support Specialist
-5.395925066141125,-0.23695365960040374,senior_specialist_or_project_manager,MAJOR ACCOUNT MANAGER II - GOV
-3.2641659377598264,1.2715977295514969,senior_specialist_or_project_manager,Financial Solution Sales Executive
-4.89450069041194,-1.150676054237434,senior_specialist_or_project_manager,Senior Security Analyst
-4.043031291620307,-0.15656334129767027,senior_specialist_or_project_manager,Sr. Sales Support Specialist
-2.8311047041612767,0.9471184005688473,senior_specialist_or_project_manager,Network-Security Engineer (Firewalls)
-4.795916847618795,0.008583253383460424,senior_specialist_or_project_manager,Program Manager
-5.300365752829626,1.1733053336489947,senior_specialist_or_project_manager,Sr Account Executive - Midwest
-3.2984134708962554,1.6179731083940232,senior_specialist_or_project_manager,CNS Senior Sales Specialist
-5.182301658514477,1.176634757116245,senior_specialist_or_project_manager,Solution Sales Architect (Packet Networks)
-4.560688188232042,2.3256580675187464,senior_specialist_or_project_manager,"Director/Senior Director, Audience Marketing"
-4.423991553437164,-0.5086476237090776,senior_specialist_or_project_manager,"Chief Business Consultant, Implementation"
-7.337699080336854,0.8582038849990192,senior_specialist_or_project_manager,"Associate Director, Global Project Management"
-5.630988105250532,-0.5815826932118562,senior_specialist_or_project_manager,Senior Sales Engineer
-5.9339888956735445,1.3376622874628472,senior_specialist_or_project_manager,"Sales, Account Manager- Radiology"
-4.000572055036208,-0.5599131481852607,senior_specialist_or_project_manager,Sales Engineer - Cisco
-5.699118350862601,1.5243857643280299,senior_specialist_or_project_manager,Emilio Pucci Retail Director
-3.339708241599983,2.235864073991059,senior_specialist_or_project_manager,Manufacturing Operations Consulting Manager
-4.793488186890326,-0.12484219335527211,senior_specialist_or_project_manager,Business Banker 3
-6.733686506837051,0.6161373855913576,senior_specialist_or_project_manager,Major Account Manager
-4.197874423313846,-5.631708416082506,senior_specialist_or_project_manager,"Trusts, Estates and Wealth Preservation Counsel - Kansas City"
-6.183378896121026,1.2699522114741824,senior_specialist_or_project_manager,Zone Sales Manager / Foodservice West
-5.243498957478903,2.4764003942589774,senior_specialist_or_project_manager,Sales Solution Specialist
-3.4447097944535483,3.2744317637693476,senior_specialist_or_project_manager,Systems Administrator Mgr
-5.848583050713011,2.8799024457184066,senior_specialist_or_project_manager,"Tech Yahoo, Software Apps Dev Eng"
-5.471846957999564,0.1277930864247084,senior_specialist_or_project_manager,Divisional Wholesaler
-4.455931115440008,1.1134496553045998,senior_specialist_or_project_manager,"National Accounts, LTC RVP - South Florida"
-3.5279511121767264,0.9355089694303703,senior_specialist_or_project_manager,Principal Project Manager (Technology)
-2.624859796137189,0.03835971027114157,senior_specialist_or_project_manager,Government Sales Manager
-5.344650411543876,-0.15496603412759116,senior_specialist_or_project_manager,Account Manager (Sr)
-5.2151852320034955,-1.3904718943608485,senior_specialist_or_project_manager,Senior Account Executive
-6.091871894218798,-0.38444673326654444,senior_specialist_or_project_manager,Account Manager
-5.426279458324691,-0.39578049550283056,senior_specialist_or_project_manager,Sales/CBD - P&G Professional Sales Representative
-4.502182772454464,1.187268099520969,senior_specialist_or_project_manager,Federal - Contract Management Operations Lead
-5.7975103623788815,-0.9271683478517161,senior_specialist_or_project_manager,"Director, Client Development"
-7.740226827370093,-0.6275712001441673,senior_specialist_or_project_manager,"Senior Scientist, Process Development Analytics"
-4.0068491212548,2.6713720782868284,senior_specialist_or_project_manager,Sr. Refinery Project Manager
-2.4357359709941857,-3.114935820451684,senior_specialist_or_project_manager,Account Executive
-6.239489036662959,0.020077611802379405,senior_specialist_or_project_manager,Enterprise Account Manager - Southern California
-5.657064563778425,1.0879915629049564,senior_specialist_or_project_manager,PHYSICIAN (FAMILY PRACTICE)
-4.9589189566657215,2.275872809954194,senior_specialist_or_project_manager,Business Technology Manager
-3.9236247536067195,-0.7724525158661656,senior_specialist_or_project_manager,Strategic Account Manager
-1.062893010534293,1.844227123053206,senior_specialist_or_project_manager,Manager Coagulation Products (New York Region)
-2.984644707232604,1.664994312779541,senior_specialist_or_project_manager,Territory Sales Manager
-5.539278892610294,0.8623405636514462,senior_specialist_or_project_manager,(Senior) Product Marketing Managers
-5.751320994454866,0.27421880253345327,senior_specialist_or_project_manager,Internal Sales Coordinator
-6.556088712450933,2.874797523932922,senior_specialist_or_project_manager,Software Engineer
-7.168270347724243,-1.395019093841382,senior_specialist_or_project_manager,Medical Device Sales Consultant Womenâ€™s Healthcare (Chicago S IL)
-3.4833054826548997,0.28082572884369444,senior_specialist_or_project_manager,IT Audit Engagement Director
-6.121957804242959,-1.2666489232982807,senior_specialist_or_project_manager,Sales Manager - Gas Turbine Upgrades and Services
-3.588285685844847,-1.4821428849998441,senior_specialist_or_project_manager,Supervisory IT Specialist (Internet)
-2.535663588875637,1.5218865498190373,senior_specialist_or_project_manager,Field Benefits Leader
-5.877557686789083,0.4783463989538908,senior_specialist_or_project_manager,Key Account Manager
-4.786781481125264,-0.04717633747656533,senior_specialist_or_project_manager,Business Development Manager
-4.542708067339023,0.11383696827304618,senior_specialist_or_project_manager,"System Center Specialists: Service Manager, Operations Manager, Configuration Manager"
-5.548186107579382,1.8435773196177556,senior_specialist_or_project_manager,Enterprise Sales Executive
-6.52895791160884,0.6441848528629291,senior_specialist_or_project_manager,ACS District Manager
-6.011268664741789,-1.0551587398529279,senior_specialist_or_project_manager,"Account Executive, Procurian Energy"
-3.0504249952252542,1.835119376645014,senior_specialist_or_project_manager,Decommissioning Engineer USO
-5.76704896306761,0.3130392699581142,senior_specialist_or_project_manager,Field Systems Engineer (Server Sales and Install)
-1.4112850459660873,-0.6992549048491417,senior_specialist_or_project_manager,Online\Direct Marketing Manager eBay
-6.6023425308836785,0.18495216596997607,senior_specialist_or_project_manager,Channel Sales Engineer
-5.5046554236146354,1.4082422660016163,senior_specialist_or_project_manager,Financial Advice Regional Sales Consultant
-7.109644899914366,1.3212407012277967,senior_specialist_or_project_manager,Growth Account Executive
-4.7566367348283505,-1.5117406017564778,senior_specialist_or_project_manager,Principal WAN Engineer
-3.4647834874405485,-0.1323708280834297,senior_specialist_or_project_manager,(Senior/Junior) Web Developer HTML5/JavaScript
-4.094068442548872,-1.9242246373428293,senior_specialist_or_project_manager,Enterprise Sales Specialist
-4.422854901605284,-0.19542969408235236,senior_specialist_or_project_manager,Principal Solutions Engineer
-6.265399656109646,2.549452040785976,senior_specialist_or_project_manager,"Sr. Regional Director, Safety"
-4.325424799485623,1.0235974535268362,senior_specialist_or_project_manager,Claims Consulting Director - Professional Services Liability
-5.083430285293815,-0.6658897726079664,senior_specialist_or_project_manager,Senior UX Designer
-5.933551649770472,-2.0975983245656358,senior_specialist_or_project_manager,Senior Sales Analyst
-3.604513689160837,-0.25258855348708675,senior_specialist_or_project_manager,Specialty Account Manager
-4.544509101653179,1.0610215854061478,senior_specialist_or_project_manager,District Sales Manager-Southern California
-6.500205792146346,2.0156498469153767,senior_specialist_or_project_manager,Principal Architect-Technology
-4.738348357561667,-1.2649751556678301,senior_specialist_or_project_manager,Military Business Development Finance Support
-4.188106116776557,-0.9566297245265586,senior_specialist_or_project_manager,Sr. Software Architect - IVI
-5.19753318773327,1.6519103881027484,senior_specialist_or_project_manager,"Senior Manager, Technical Customer Management"
-4.4376566944249385,1.7710540900440825,senior_specialist_or_project_manager,Validation Manager--External Contractor Manufacturing Quality
-5.2331340008507885,0.4133180259449383,senior_specialist_or_project_manager,Sales Engineer â€“ North America
-4.935526560328607,-0.6986243478399083,senior_specialist_or_project_manager,Account Executive - Public Sector(Great Lakes)
-4.936252384295121,1.2680350694953542,senior_specialist_or_project_manager,Service Delivery Executive
-5.352362645552216,0.1715299819331601,senior_specialist_or_project_manager,Software Engineering Manager
-4.727052883700887,-0.8298874980477237,senior_specialist_or_project_manager,Senior Sales Representative
-3.7568789015931148,2.02378436634911,senior_specialist_or_project_manager,Director of Mobile Development
-4.134301955381005,0.017902072153815642,senior_specialist_or_project_manager,"Sales Fellow - Atlanta, GA"
-4.828887815909451,0.8379768421355557,senior_specialist_or_project_manager,Automotive Accessory Development Manager
-3.419759087099414,0.3135651599064227,senior_specialist_or_project_manager,Account Manager
-7.674184354384318,0.5535808873656008,senior_specialist_or_project_manager,Treasury Reporting Developer
-5.22141092596207,-2.841199306905095,senior_specialist_or_project_manager,HR Director Western Region
-5.454302405396863,0.0668492163298187,senior_specialist_or_project_manager,Senior DBA
-5.00560689049716,0.4828161832081717,senior_specialist_or_project_manager,Technical Sales Consultant I
-5.200667167643984,-1.2030142711213063,senior_specialist_or_project_manager,Programmer - J2EE
-4.995552208972704,-0.20794551666838162,senior_specialist_or_project_manager,Senior Specialist - Mechanical/Power
-4.866239956277355,1.042514890795929,senior_specialist_or_project_manager,Software Architect - ETL
-2.1647436778581737,0.3439030074819585,senior_specialist_or_project_manager,Sales Representative - Fac Solution INV
-2.896782564671345,-0.04923013096606141,senior_specialist_or_project_manager,Regional Sales Manager - West
-3.1166615247917218,-5.41013634390507,senior_specialist_or_project_manager,Project Attorney - Dispute & Discovery Center
-5.755925350706014,-0.2398564511315629,senior_specialist_or_project_manager,CFTC Attorney
-4.450213343259478,-0.4019747550326877,senior_specialist_or_project_manager,"National State Accounts Executive, Managed Mkts"
-3.4163940987971473,1.7167025870473438,senior_specialist_or_project_manager,Sales Executive
-5.5277377671445,-0.04632013637286278,senior_specialist_or_project_manager,Sales Engineer-Hydraulics Products
-5.405737707630557,-1.0785135752396813,senior_specialist_or_project_manager,"Senior Account Manager, Global Family Office, Wealth Management"
-4.330970050578001,-0.04181272926315047,senior_specialist_or_project_manager,"Director, Business Development -- Commercial & International"
-3.0687075223143494,3.1253137292636364,senior_specialist_or_project_manager,Associate Manager HCE Testing
-4.257857346159512,0.477397148519684,senior_specialist_or_project_manager,"Product Manager, Enterprise Data Integration"
-3.7155036106867763,0.03807134725906811,senior_specialist_or_project_manager,Sr. Acquisition Specialist - RJAF
-6.857357753811431,1.789823715995681,senior_specialist_or_project_manager,Informatica - ETL - Lead
-5.682650747879101,-0.10747507981557362,senior_specialist_or_project_manager,Unix Team Lead
-5.105558402935635,1.4537321844271298,senior_specialist_or_project_manager,Salesforce.com Associate Partner - Industrial Sector
-6.904035519314308,2.5782292410985916,senior_specialist_or_project_manager,Key Account Manager - NW District
-6.701217615273222,1.5390040110533305,senior_specialist_or_project_manager,District Sales Manager-South America and Caribbean
-3.0454665680607422,0.5244016694007941,senior_specialist_or_project_manager,Electrical Engineer
-4.676262512314147,2.4903623412391567,senior_specialist_or_project_manager,Software Release Engineer
-3.9220058675148737,0.49193530368757693,senior_specialist_or_project_manager,COMPLETIONS ACCOUNT MANAGER
-4.765442989578959,1.9602123259229447,senior_specialist_or_project_manager,Regional Environmental Compliance Manager
-5.797321364279503,0.1155864889901824,senior_specialist_or_project_manager,"Sr. Solution Architect, Cloud Services"
-4.2586994372768405,2.347563890768318,senior_specialist_or_project_manager,Business Development Manager â€“ Media Division
-6.855261562137735,0.937781765987541,senior_specialist_or_project_manager,Sales Manager
-5.180669901877134,-1.1221708959482937,senior_specialist_or_project_manager,Application Sales Engineer
-3.4795770873879164,-1.7448504966112865,senior_specialist_or_project_manager,Truck Sales National Account Manager
-4.2315355561306776,0.7922916187121671,senior_specialist_or_project_manager,"Senior Director, Web Product Management & Publishing Platform, WebMD Professional"
-6.323518544128203,0.7607544803816149,senior_specialist_or_project_manager,UN WOMEN: VIOLENCE AGAINST WOMEN (VAW) DATA SPECIALIST - RE-ADVERTISEMENT
-5.161140947945041,1.0166802428032597,senior_specialist_or_project_manager,Account Executive
-6.230685957265065,-1.9401744265740302,senior_specialist_or_project_manager,Account Manager
-6.370425877487133,-1.5866843111940812,senior_specialist_or_project_manager,Senior Software Engineer
-5.4274983855613215,0.9372549112099279,senior_specialist_or_project_manager,Lead Developer
-4.922405124641423,0.03805479289829134,senior_specialist_or_project_manager,Senior Environmental Engineer
-5.748234134372669,0.8592506554941401,senior_specialist_or_project_manager,SR. PRODUCT DEVELOPMENT ENGINEER
-4.444977528751689,-1.1343669341520297,senior_specialist_or_project_manager,Account Representativee
-1.9760583288972025,0.4274927337527677,senior_specialist_or_project_manager,Sales Consultant - Respiratory / Ventilation Technologies
-3.3618004288622436,0.7044884330782347,senior_specialist_or_project_manager,"Senior Systems Support Specialist, IT"
-5.5667370761050945,2.065040115485659,senior_specialist_or_project_manager,Sr Sales Manager - Automotive OE
-3.294479727638794,-0.7743227443173379,senior_specialist_or_project_manager,Transportation Project Manager
-4.38533872849909,-1.3582276486432863,senior_specialist_or_project_manager,"Senior Associate, Clinical Pricing - Clinical Contracts & Finance"
-5.547179305041479,2.0722475425885394,senior_specialist_or_project_manager,"Sales Executive - Monitoring-Dallas, TX"
-2.7797661292250497,1.6854581076609003,senior_specialist_or_project_manager,Global Sales Manager - Westlock Controls
-3.6648797869487484,0.6542431525236035,senior_specialist_or_project_manager,"Territory Manager, Critical Care (Houston, TX)"
-4.999164736195353,-0.9203823610330079,senior_specialist_or_project_manager,HA Regional Account Manager
-4.784376148945699,-4.264055709392779,senior_specialist_or_project_manager,Associate Mergers & Acquisitions (Class Years 2009 â€“ 2011)
-3.8943654654840807,0.8286587900254174,senior_specialist_or_project_manager,"Senior Mobile Web Application Developer - Quidsi, Amazon Subsidiary"
-5.532686309790883,0.18434397401973132,senior_specialist_or_project_manager,Key Account Manager
-5.475439254299954,1.2004030886214792,senior_specialist_or_project_manager,Senior Staff Cloud Software Development Engineer
-5.587624416053809,0.4180033054973498,senior_specialist_or_project_manager,Global Business Development Director-SP/SI
-4.941884873761769,-1.0131109927378739,senior_specialist_or_project_manager,Ultrasound Sales Specialist
-6.527038160465394,0.12880039979923716,senior_specialist_or_project_manager,Sales/Account Manager
-4.55493312847654,0.07158480457678726,senior_specialist_or_project_manager,Business Development Director/Manager
-2.4165422261830636,-0.5244902797528926,senior_specialist_or_project_manager,Sr. Field Sales Acct Manager
-4.898230055264175,-0.4738091742357217,senior_specialist_or_project_manager,Professional Services Software Engineer-US
-5.037464345455802,1.4322594886434363,senior_specialist_or_project_manager,Sr Prin IT Program Manager
-5.028451255053587,-0.7723146306450616,senior_specialist_or_project_manager,"Strategic Partner Manager, North America App Center"
-2.8377860363441085,2.0460704733017194,senior_specialist_or_project_manager,BUSINESS DEVELOPMENT MANAGER
-6.808575979956763,2.250202002068114,senior_specialist_or_project_manager,Consultant I- Portfolio Strategy-TMS0013T
-6.587235053125232,1.1419652066380444,senior_specialist_or_project_manager,SAP BPC Technical Consultant
-2.889519171291116,1.7453624412626945,senior_specialist_or_project_manager,Account Executive
-5.731799253729502,1.3954940212719822,senior_specialist_or_project_manager,Territory Account Manager
-4.144706646518936,3.5070436828099214,senior_specialist_or_project_manager,PMO SR Manager Supply Chain / SAP
-4.597615367833306,-3.944989617496185,senior_specialist_or_project_manager,Account Supervisor - Digital - PR
-5.478839954764498,-0.2564907420952302,senior_specialist_or_project_manager,Research Scientist II- Process Development
-7.3131555239708135,0.19055920936111445,senior_specialist_or_project_manager,Account Executive- Bay Area
-2.355997387731782,0.11411926001688596,senior_specialist_or_project_manager,Financial Consultant
-3.7904590424774027,1.024722205668785,senior_specialist_or_project_manager,Alphera Sales and Marketing Manager (Eastern Region)- FS
-5.192201063867761,0.7289016045256361,senior_specialist_or_project_manager,Corporate Sales Executive - Ohio Valley
-5.848508645587153,0.7105983048588677,senior_specialist_or_project_manager,"Business Development Manager, TV & Devices, North America"
-4.249213882000276,0.04019230381037942,senior_specialist_or_project_manager,Agile Automation Developer *4 Openings
-5.002499454199132,2.5604578517419054,senior_specialist_or_project_manager,Program Director
-5.10431222447467,0.5034627280928908,senior_specialist_or_project_manager,Senior Development Engineer - Imaging
-6.3976370449899,-2.104555274428552,senior_specialist_or_project_manager,Technical Sales / Account Manager â€“ Orthopedics (USA)
-4.7540157826016785,1.9126668906891877,senior_specialist_or_project_manager,Combat Systems Engineer Job
-5.461212193149863,-0.4222569737166941,senior_specialist_or_project_manager,ACCOUNT MANAGER - DX
-5.147255130088405,1.0611305530902224,senior_specialist_or_project_manager,Senior Software Developer - Platform Engineering
-3.5752925685516375,1.0336164640591028,senior_specialist_or_project_manager,Sr. Firmware Engineer - Bluetooth
-4.72382217611374,0.3042700517123988,senior_specialist_or_project_manager,"Dir, Medical Affairs"
-4.355323064145474,-1.7649157824162505,senior_specialist_or_project_manager,Client Service Specialist - Employee Benefits
-5.7921275396578515,0.20446733381991825,senior_specialist_or_project_manager,Senior Structural Engineer- Baltimore
-3.2490667001215003,0.39156306621720655,senior_specialist_or_project_manager,"Private Client VP, Senior Account Executive"
-5.287794519179417,-7.194004001624724,senior_specialist_or_project_manager,ICM Associate
-4.86052662949182,0.05011665815760544,senior_specialist_or_project_manager,Strategic Account Manager
-4.26601688575118,-0.5783535909232095,senior_specialist_or_project_manager,Platform Automation Engineer
-6.9467328230251395,-3.412275960909822e-05,senior_specialist_or_project_manager,Regional Account Manager
-3.888358314629192,1.520537684464207,senior_specialist_or_project_manager,"Business Development Manager, Web Display"
-6.046399458551125,-0.0007552146316853498,senior_specialist_or_project_manager,Account Manager
-5.106904417339703,1.0076595441078806,senior_specialist_or_project_manager,Sales Consultant III- Energy
-1.6872954515462097,0.9791650814050438,senior_specialist_or_project_manager,FP&A Manager
-3.4942105395511693,-4.458880803246208,senior_specialist_or_project_manager,Pharmacist-PRN
-3.597119710371509,0.9829644911324814,senior_specialist_or_project_manager,International Trade Compliance Attorney (UTC Research Center)
-3.5344248870336448,-2.7288929787766896,senior_specialist_or_project_manager,IG Business Analyst
-3.2689234281575548,1.8717488558019213,senior_specialist_or_project_manager,Senior Consultant
-6.741261643775746,0.43786005275020395,senior_specialist_or_project_manager,"Regional Sales Director, Enterprise Cloud Services"
-3.288438156156674,0.7017470095364507,senior_specialist_or_project_manager,Partner Engagement Manager - Central & Northeast Region
-4.919056871210956,-1.7599036029158794,senior_specialist_or_project_manager,"Senior Research Scientist/Specialist, AD-1730-00"
-3.757209159829465,0.18198733389986352,senior_specialist_or_project_manager,Sr. ClusterStor Network Integration Developer
-6.683058262042325,-0.6536263451449859,senior_specialist_or_project_manager,Real Estate Investment Professional (f/m)
-7.207629538885713,1.4437334054719564,senior_specialist_or_project_manager,Strategy & Enablement Leader - Commercial COE
-5.337473561204602,1.2199164530928208,senior_specialist_or_project_manager,Senior Software Development Engineer-Skype
-5.195048202517301,-7.492347393189458,specialist,Junior to mid-level associate
-4.175500359227235,-6.4277120093670215,specialist,Occupational Therapist
-5.672402388730592,-4.140726909976885,specialist,Technical Account Sales Engineer-Minerals
-5.438819827702939,-7.598247712522517,specialist,Associate 3rd-4th Year
-4.679693357380876,-5.864667641833521,specialist,Terminologist/Computational Linguis
-5.111523083072532,-6.657259400549751,specialist,Attorney
-4.879299903125001,-6.426787900892989,specialist,Energy Projects Attorney
-4.849829925635781,-7.38465785217134,specialist,Commercial Transactions & Outsourcing Associate
-5.216090495096107,-6.567518887467799,specialist,Associate - Finance - Real Estate
-5.140040362587583,-6.4007286475263605,specialist,"Senior Account Manager, West"
-5.897145476176441,-6.208618636130683,specialist,Investment Management â€” Junior to Mid-Level Associate
-5.047275882654581,-6.463288257164933,specialist,Regional Consultant
-5.500769683250575,-5.346297137239839,specialist,Institute Research Scientist - Bioinformatics
-5.097106487686112,-7.168360577684081,specialist,Managed Account Lifecycle Analyst
-3.5084170157746284,-0.8159351476357882,specialist,Physician Assistant - Plastic Surgery
-5.42991986293746,-6.587624965931628,specialist,IT/Privacy Associate
-6.494301015252113,1.6581805430457555,specialist,PHARMACIST II (Full Time - 2nd Shift)
-5.049321250347028,-6.543045067678408,specialist,Associate - Bank Finance
-6.004741947638968,-5.078351097374911,specialist,"Mergers and Acquisitions/Private Equity, Business and Finance Group â€“ Mid-Level Associates (NY)"
-5.0008490633041625,-6.867351207117998,specialist,Associate 3rd-5th Year
-5.269546738804077,-5.819061178058963,specialist,Intellectual Property â€” Junior to Mid-level Associate â€“ Litigation (HO)
-5.283658918830244,-7.180390252876615,specialist,Litigation â€” Mid-Level Alternative Track Associate (CH)
-5.173023086337162,-6.997167666690273,specialist,Employee Benefits â€” Mid-Level Associate (WA)
-5.373724465539373,-6.8544899228863425,specialist,Litigation â€” Mid-Level Associate (CH)
-5.4715679583793895,-7.5143923304308675,specialist,Associate - Banking (Syndicated Finance)
-5.306815542273939,-7.330137463017261,specialist,Associate 3rd-4th Year
-5.1127709365527485,-6.294247445902183,specialist,Financial Analyst
-5.370903249785468,-6.336820043628962,specialist,"Education Research Scientist/Analyst, AD-1730-00"
-5.225326870679185,-7.707597825245224,specialist,Banking & Asset Finance Associate
-4.7275048074300585,-7.111170252011938,specialist,"General IP Associate (Litigation, Prosecution & Counseling)"
